<?xml version="1.0" encoding="UTF-8"?>
<project-private xmlns="http://www.netbeans.org/ns/project-private/1">
    <editor-bookmarks xmlns="http://www.netbeans.org/ns/editor-bookmarks/2" lastBookmarkId="0"/>
    <open-files xmlns="http://www.netbeans.org/ns/projectui-open-files/2">
        <group name="Entrega_IPC_2B2">
            <file>file:/C:/Users/jsole/Desktop/Examen/src/javafxmlapplication/FXMLDocumentController.java</file>
            <file>file:/C:/Users/jsole/Desktop/Examen/src/javafxmlapplication/JavaFXMLApplication.java</file>
        </group>
        <group>
            <file>file:/C:/Users/examen/Desktop/EXAMEN_%20emakrou/src/javafxmlapplication/estilo.css</file>
            <file>file:/C:/Users/examen/Desktop/EXAMEN_%20emakrou/src/javafxmlapplication/FXMLDocumentController.java</file>
            <file>file:/C:/Users/examen/Desktop/EXAMEN_%20emakrou/src/javafxmlapplication/JavaFXMLApplication.java</file>
        </group>
    </open-files>
</project-private>
